,Unnamed: 0,program_name,program_level,domain,eligibility,description,skills_learned,career_outcomes,eligibility_struct
0,0,M.SC. (GENETICS),PG,Life Sciences,"B.Sc. (Hons.) in Biochemistry, Botany, Environmental Sciences, Genetics, Microbiology or Zoology; B.Sc. (Pass) with three subjects from Anthropology, Biomedical Engineering, Biotechnology, Botany, Chemistry Fisheries, Genetics, Haematology, Immunology, Industrial Microbiology, Medical Biochemistry, and Zoology; Bachelor Degree in Pharmacy, Home Science, Agriculture Science, Veterinary Science, B.E., or B.Tech. (Biotechnology/Bioinformatics) with at least 50% marks (47.5% for SC/ST/Blind/Visually and Differently Abled candidates of Haryana only)","This program delves into advanced genetic principles, molecular biology, and genomics, providing a comprehensive understanding of genetic processes and their applications in various fields.","['Genetic analysis', 'Molecular biology techniques', 'Bioinformatics tools']","['Research scientist', 'Biotechnology specialist', 'Genetic counselor']",min_degree_level='UG' min_marks_general=50.0 min_marks_reserved=47.5
1,1,M.SC. (BIOINFORMATICS),PG,Science,"Bachelor's degree in Biological Sciences with Chemistry or related fields, with at least 50% marks (47.5% for reserved categories) of Haryana candidates.","This program focuses on the application of informatics tools and techniques to biological data, covering areas such as genomics, proteomics, and bioinformatics software development.","['Data analysis', 'Programming', 'Bioinformatics tools']","['Biostatistician', 'Genomic researcher', 'Bioinformatics analyst']",min_degree_level='UG' min_marks_general=50.0 min_marks_reserved=47.5
2,2,M.SC. (BIO-TECHNOLOGY),PG,Life Sciences,"Bachelor's degree in Biological Sciences with Chemistry or related fields, with at least 50% marks (47.5% for reserved categories) of Haryana candidates.","This program delves into advanced biotechnology research and applications, covering genetic engineering, molecular biology, and bioinformatics. Students explore the integration of biological sciences with technology to develop innovative solutions in healthcare, agriculture, and environmental management.","['Genetic engineering', 'Molecular biology', 'Bioinformatics analysis', 'Bioprocess development']","['Biotechnology researcher', 'Pharmaceutical scientist', 'Agricultural biotechnologist', 'Environmental consultant']",min_degree_level='UG' min_marks_general=50.0 min_marks_reserved=47.5
3,3,M.SC (MEDICAL BIOTECHNOLOGY),PG,Life Sciences,"Bachelor's degree in Biological Sciences or related fields with at least 50% marks, 47.5% for SC/ST/Blind/Visually and Differently Abled candidates of Haryana only.","This program focuses on advanced biotechnology applications in medical research, including genetic engineering, molecular diagnostics, and therapeutic development.","['Biotechnological techniques', 'Genetic analysis', 'Molecular biology']","['Biotech researcher', 'Medical scientist', 'Pharmaceutical analyst']",min_degree_level='UG' min_marks_general=50.0 min_marks_reserved=47.5
4,4,M.SC. (MICROBIOLOGY),PG,Life Sciences,"Bachelor's Degree in specified subjects with at least 50% marks, 47.5% for reserved categories in Haryana.","This program delves into advanced studies of microorganisms and their interactions with the environment and host organisms. Students explore molecular biology, immunology, and pathogenesis to understand microbial diversity and disease mechanisms.","['Microbial genetics', 'Molecular diagnostics', 'Immunological techniques']","['Research scientist', 'Clinical microbiologist', 'Biotechnologist']",min_degree_level='UG' min_marks_general=50.0 min_marks_reserved=47.5
5,5,M.SC. (MICROBIAL BIO-TECHNOLOGY),PG,Life Sciences,"Bachelor's Degree in specified subjects with at least 50% marks, 47.5% for reserved categories in Haryana.","This program focuses on advanced studies in microbial biotechnology, covering areas such as genetic engineering and bioinformatics.","['Genetic engineering', 'Bioinformatics', 'Microbial identification']","['Biotechnologist', 'Research Scientist', 'Microbiologist']",min_degree_level='UG' min_marks_general=50.0 min_marks_reserved=47.5
6,6,M.SC. (AGRI.BIO-TECHNOLOGY),PG,Life Sciences,Bachelor degree in Biological Sciences with Chemistry as a subsidiary subject/ Agriculture Science/Fisheries/ Horticulture/ B.Tech.(Food technology)/B.Tech. (Biotechnology)/ B.Sc. (Biotechnology)/ B.Sc. (Microbiology)/B.Sc. (Environmental Science)/ B.Sc. (Biochemistry)/ B.V. Sc./ B.E. (Technology)/ B.Pharm/ MBBS/ B.Sc. (Bioinformatics)/ B.Tech. or B.E. (Bioinformatics)/B.D.S. with at least 50% marks (47.5% for SC/ST/ Blind/ Visually and Differently Abled candidates of Haryana only),"This program focuses on advanced biotechnology applications in agriculture, including genetic engineering, bioinformatics, and sustainable farming practices.","['Biotechnological research', 'Genetic modification', 'Bioinformatics tools']","['Biotech researcher', 'Agricultural scientist', 'Bioprocess engineer']",min_degree_level='UG' min_marks_general=50.0 min_marks_reserved=47.5
7,7,M.SC. (BIOCHEMISTRY),PG,Life Sciences,"Bachelor's degree in Biochemistry, Biotechnology, Pharmacy, or related fields with at least 50% marks (47.5% for specific categories) from Haryana State Universities.","This program delves into advanced biochemical processes and molecular biology, providing a comprehensive understanding of cellular metabolism, genetic regulation, and protein structure. Students explore the application of biochemistry in medicine and biotechnology.","['Biochemical analysis', 'Molecular biology techniques', 'Genetic engineering']","['Biotechnologist', 'Research scientist', 'Pharmaceutical analyst']",min_degree_level='UG' min_marks_general=50.0 min_marks_reserved=47.5
8,8,M.SC.(BOTANY),PG,Science,"B.Sc. (Hons.) in Botany or B.Sc. (Pass) with Botany and any two of the subjects, viz., Anthropology, Biochemistry, Biotechnology, Chemistry, Environmental Science, Genetics, Microbiology, and Zoology with at least 50% marks (47.5% for SC/ST/Blind/Visually and Differently Abled candidates of Haryana only) in aggregate or equivalent examination.","This postgraduate program delves into advanced topics in botany, including plant physiology, genetics, ecology, and molecular biology, preparing students for research and academic careers.","['Plant taxonomy', 'Molecular biology', 'Ecological studies', 'Genetic analysis']","['Research scientist', 'Academic lecturer', 'Biotechnologist']",min_degree_level='UG' min_marks_general=50.0 min_marks_reserved=47.5
9,9,M.SC. (ENVIRONMENTAL BIOTECHNOLOGY),PG,Life Sciences,B.Sc. (Hons. or Pass) in any discipline of Sciences / B.Tech. (Biotechnology/Environment Engineering) with 50% marks (47.5% for SC/ST/Blind/Visually and Differently Abled candidates of Haryana only).,"This program focuses on the application of biotechnological principles to environmental challenges, covering areas such as waste management, pollution control, and sustainable technologies.","['Bioprocess engineering', 'Environmental monitoring', 'Genetic modification']","['Environmental consultant', 'Biotech researcher', 'Waste management specialist']",min_degree_level='UG' min_marks_general=50.0 min_marks_reserved=47.5
10,10,M.SC. (ENVIRONMENTAL SCIENCES),PG,Science,B.Sc. (Hons. or Pass) in any discipline of Sciences / B.Tech. (Biotechnology/Environment Engineering) with at least 50% marks (47.5% for SC/ST/Blind/Visually and Differently Abled candidates of Haryana only) in aggregate.,"This program delves into environmental conservation, pollution control, and sustainable resource management, providing a comprehensive understanding of ecological systems and their interactions with human activities.","['Environmental assessment', 'Sustainable practices', 'Data analysis']","['Environmental consultant', 'Research scientist', 'Policy analyst']",min_degree_level='UG' min_marks_general=50.0 min_marks_reserved=47.5
11,11,M.SC. (ZOOLOGY),PG,Life Sciences,"B.Sc. (Hons.) in Zoology or B.Sc. with Zoology and two other subjects, including at least 50% marks (47.5% for reserved categories) in Haryana.","This program delves into advanced topics of zoology, focusing on taxonomy, ecology, genetics, and conservation biology. Students explore the diversity and evolution of animal life forms.","['Taxonomic identification', 'Genetic analysis', 'Ecological research', 'Conservation strategies']","['Research scientist', 'Academic lecturer', 'Environmental consultant']",min_degree_level='UG' min_marks_general=50.0 min_marks_reserved=47.5
12,12,M.SC. (FOOD TECHNOLOGY),PG,Life Sciences,"B.Sc. degree in medical or non-medical sciences, B.Sc. honors, applied sciences including agriculture/fisheries/horticulture/food science/food processing technology/home science, or related engineering with at least 50% marks (47.5% for specific categories) from Haryana State Universities.","This program focuses on advanced studies in food preservation, processing, and quality management, providing a comprehensive understanding of food science principles and applications.","['Food safety', 'Nutrient analysis', 'Processing techniques']","['Food technologist', 'Quality control specialist', 'Research scientist']",min_degree_level='UG' min_marks_general=50.0 min_marks_reserved=47.5
13,13,M.SC. (FORENSIC SCIENCE),PG,Science,"B.Sc. in Forensic Science or B.Sc. with relevant subjects or B.Sc.(Hons.) with a major and minor subject, or BDS, with at least 50% marks (47.5% for reserved categories) in Haryana.","This program delves into advanced forensic techniques, legal aspects of evidence analysis, and crime scene investigation methods. Students explore biological, chemical, and physical sciences to understand forensic practices comprehensively.","['Forensic analysis', 'Crime scene investigation', 'Legal evidence evaluation']","['Forensic scientist', 'Criminal investigator', 'Lab technician']",min_degree_level='UG' min_marks_general=50.0 min_marks_reserved=47.5
14,14,M.A. (Yoga Science),PG,Education,Bachelor's degree with at least 45% marks (42.75% for reserved categories) in any recognized examination.,"This program delves into the scientific and philosophical aspects of yoga, offering a comprehensive understanding of its principles and practices.","['Yoga philosophy', 'Mind-body connection', 'Holistic health']","['Yoga therapist', 'Health educator', 'Wellness consultant']",min_degree_level='UG' min_marks_general=45.0 min_marks_reserved=42.75
15,15,LLB (Hons.) 3-Year,PG,Law,"Bachelor/Master degree with at least 45% marks (42.75% for SC/ST/Blind/Visually and Differently Abled candidates of Haryana only) in aggregate or any other examination recognized by M.D. University, Rohtak as equivalent thereto.","This program focuses on legal theory and practice, preparing students for careers in law through comprehensive study of various legal systems and principles.","['Legal research', 'Case analysis', 'Drafting skills']","['Lawyer', 'Legal advisor', 'Judicial officer']",min_degree_level='UG' min_marks_general=45.0 min_marks_reserved=42.75
16,16,LL.M.,PG,Law,LLB (Professional) Examination or equivalent with at least 50% marks (47.50% for reserved categories).,"Advanced legal studies focusing on specialized areas of law, enhancing research and analytical skills.","['Legal research', 'Case analysis', 'Academic writing']","['Legal consultant', 'Corporate lawyer', 'Judicial officer']",min_degree_level='PreUG' min_marks_general=50.0 min_marks_reserved=47.5
17,17,Certificate Course in Pedagogy of Online Teaching,Certificate,Education,"Bachelor in Education (B.Ed.) with at least 45% marks, or equivalent recognized by MDU, Rohtak.","This program focuses on the pedagogical strategies and technologies essential for effective online teaching. It covers curriculum design, interactive teaching methods, and assessment techniques tailored for digital environments.","['Online teaching methodologies', 'Digital classroom management', 'Assessment in online education']","['Online instructor', 'E-learning developer', 'Educational technologist']",min_degree_level='UG' min_marks_general=45.0 min_marks_reserved=None
18,18,Certificate course in Communication Skills in English Language,Certificate,Humanities,Senior Secondary Examination (10+2) with at least 50% marks (47.50% for reserved categories) from recognized boards.,"This program focuses on enhancing communication skills in English, covering public speaking, writing, and interpersonal communication techniques.","['Effective communication', 'Public speaking', 'Writing skills']","['Technical writer', 'Customer service representative', 'Event coordinator']",min_degree_level='PreUG' min_marks_general=50.0 min_marks_reserved=47.5
19,19,Certificate course in Spanish Language,Certificate,Humanities,"Senior Secondary Examination (10+2) with at least 50% marks (47.50% for reserved categories) from Board of School Education Haryana, Bhiwani or equivalent.","This program focuses on mastering the Spanish language through comprehensive grammar, vocabulary, and cultural studies.","['Language proficiency', 'Cultural awareness', 'Communication skills']","['Translator', 'Interpreter', 'Foreign Language Instructor']",min_degree_level='PreUG' min_marks_general=50.0 min_marks_reserved=47.5
20,20,Certificate course in French Language,Certificate,Humanities,"Senior Secondary Examination (10+2) with at least 50% marks (47.50% for SC/ST/Blind/Visually Differently abled candidates of Haryana only) from Board of School Education Haryana, Bhiwani or any other examination recognized by MDU, Rohtak as equivalent thereto.","This program focuses on developing proficiency in the French language through grammar, vocabulary, and cultural studies. Students will gain a solid foundation in speaking, writing, and understanding French literature and culture.","['Language proficiency', 'Cultural awareness', 'Communication skills']","['Translator', 'Interpreter', 'Foreign language instructor']",min_degree_level='PreUG' min_marks_general=50.0 min_marks_reserved=47.5
21,21,Certificate course in German Language,Certificate,Humanities,"Senior Secondary Examination (10+2) with at least 50% marks, or 47.50% for reserved categories from Haryana only.","This program focuses on mastering the German language, covering grammar, vocabulary, and cultural aspects of Germany.","['Language proficiency', 'Cultural understanding', 'Communication skills']","['Translator', 'Interpreter', 'International relations officer']",min_degree_level='PreUG' min_marks_general=50.0 min_marks_reserved=47.5
22,22,PG Diploma in Translation (English-Hindi English),Diploma,Humanities,"Bachelor's Degree with English and Hindi as main subjects or English (Honours) / Hindi (Honours) with at least 45% marks, 42.75% for SC/ST/Blind candidates of Haryana.","This program focuses on translating between English and Hindi, enhancing linguistic proficiency and translation skills.","['Translation techniques', 'Linguistic analysis', 'Cultural adaptation']","['Translator', 'Content writer', 'Localization specialist']",min_degree_level='UG' min_marks_general=45.0 min_marks_reserved=42.75
23,23,"PG Diploma in Bhartiya Sanskriti Dharm, Darshan & Adhyatam",Diploma,Humanities,Bachelor's Degree with at least 50% marks (47.50% for SC/ST/Blind/Visually/Differently Abled candidates of Haryana only) in aggregate or any other examination recognized as equivalent thereto by this University,"This program explores the rich cultural, philosophical, and spiritual aspects of Indian traditions, focusing on Sanskriti, Dharm, Darshan, and Adhyatam.","['Cultural studies', 'Philosophical analysis', 'Spiritual understanding']","['Cultural officer', 'Sociologist', 'Educator in Indian traditions']",min_degree_level='UG' min_marks_general=50.0 min_marks_reserved=47.5
24,24,Certificate Course in कायाŊलय जनसंचार कायŊिविध,Certificate,Humanities,Senior Secondary Examination (10+2) with at least 50% marks (47.50% for reserved categories in Haryana only) from recognized boards.,"This program focuses on communication skills and public relations, providing students with the knowledge to effectively interact with diverse audiences in various settings.","['Communication skills', 'Public relations', 'Cultural awareness']","['Marketing executive', 'Event coordinator', 'Customer service manager']",min_degree_level='PreUG' min_marks_general=50.0 min_marks_reserved=47.5
25,25,Certificate Course in Harmonium,Certificate,Arts,"Senior Secondary Examination (10+2) with at least 50% marks (47.50% for SC/ST/Blind/Visually Differently abled candidates of Haryana only) from Board of School Education Haryana, Bhiwani or any other examination recognized by MDU, Rohtak as equivalent thereto.","This program focuses on the theoretical and practical aspects of playing the harmonium. Students learn about music theory, performance techniques, and historical context of this instrument.","['Musical performance', 'Harmonium technique', 'Music theory']","['Music teacher', 'Church musician', 'Performance artist']",min_degree_level='PreUG' min_marks_general=50.0 min_marks_reserved=47.5
26,26,Certificate Course in Tabla,Certificate,Arts,"Senior Secondary Examination (10+2) with at least 50% marks (47.50% for SC/ST/Blind/Visually Differently abled candidates of Haryana only) from Board of School Education Haryana, Bhiwani or any other examination recognized by MDU, Rohtak as equivalent thereto","This program focuses on the study and performance techniques of Tabla, an Indian percussion instrument. Students learn rhythm patterns, ensemble playing, and cultural significance.","['Rhythmic performance', 'Instrumental technique', 'Cultural appreciation']","['Musician', 'Performer', 'Music educator']",min_degree_level='PreUG' min_marks_general=50.0 min_marks_reserved=47.5
27,27,संृत-Ůयोग-कुशाल,UG,Humanities,"Bachelor's Degree with at least 45% marks (42.75% for reserved categories) in aggregate or any other examination recognized by MDU, Rohtak as equivalent thereto","This program focuses on the study of arts and humanities, providing a broad understanding of cultural, social, and historical contexts.","['Critical thinking', 'Creative writing', 'Research skills']","['Content writer', 'Archivist', 'Museum curator']",min_degree_level='UG' min_marks_general=45.0 min_marks_reserved=42.75
28,28,Certificate Course in Tattoo Designing,Certificate,Arts,"Bachelor's Degree with at least 45% marks (42.75% for SC/ST/Blind/Visually/Differentlyabled candidates of Haryana only) in aggregate or any other examination recognized by MDU, Rohtak as equivalent thereto","This program focuses on the techniques and aesthetics of tattoo design, including skin care, tool usage, and artistic expression.","['Tattoo application', 'Skin analysis', 'Artistic drawing']","['Professional tattoo artist', 'Tattoo studio manager']",min_degree_level='UG' min_marks_general=45.0 min_marks_reserved=42.75
29,29,Certificate Course in Clay Modeling,Certificate,Arts,"Bachelor's Degree with at least 45% marks (42.75% for reserved categories) in aggregate or equivalent examination recognized by MDU, Rohtak.","This program focuses on the techniques and applications of clay modeling, providing foundational skills in sculpting and ceramics.","['Sculpture techniques', 'Clay manipulation', 'Artistic expression']","['Crafts artist', 'Potter', 'Art teacher']",min_degree_level='UG' min_marks_general=45.0 min_marks_reserved=42.75
30,30,PG Diploma in CyberLaw,Diploma,Law,"Bachelor/Master Degree with at least 45% marks (42.75% for SC/ST/Blind/Visually Differentlyabled candidates of Haryana only) in aggregate or any other examination recognized by MDU, Rohtak as equivalent thereto.","This program focuses on legal aspects of cybersecurity, including cybercrime laws and digital evidence. Students learn about regulatory frameworks and ethical considerations in the digital age.","['Legal research', 'Cybersecurity law', 'Digital forensics']","['Cybersecurity lawyer', 'Corporate compliance officer', 'Government cyber regulator']",min_degree_level='UG' min_marks_general=45.0 min_marks_reserved=42.75
31,31,PG Diploma in Criminology & Forensic Law,Diploma,Law,"Bachelor/Master Degree with at least 45% marks (42.75% for SC/ST/Blind/Visually Differentlyabled candidates of Haryana only) in aggregate or any other examination recognized by MDU, Rohtak as equivalent thereto","This program explores the intersection of law and forensic science, focusing on criminal justice systems, legal procedures, and investigative techniques.","['Legal research', 'Forensic analysis', 'Criminal investigation']","['Forensic investigator', 'Criminologist', 'Legal consultant']",min_degree_level='UG' min_marks_general=45.0 min_marks_reserved=42.75
32,32,PG Diploma in Computational Biology,Diploma,Life Sciences,"Bachelor's Degree in Biological Sciences, Computer Science, Allied Biological Sciences, Agricultural Sciences, B.E/B.Tech (Biotech, Bioinformatics, Comp.Sc., IT), MBBS, BDS, BAMS, BHMS, B.Pharm with at least 50% marks (47.5% for SC/ST/Blind/Visually & Differently Abled candidates of Haryana only)","This program integrates computational methods and tools into biological sciences to analyze complex biological data, focusing on genomics, proteomics, and bioinformatics.","['Data analysis', 'Bioinformatics', 'Genomic research']","['Biological researcher', 'Bioinformatician', 'Medical scientist']",min_degree_level='UG' min_marks_general=50.0 min_marks_reserved=47.5
33,33,PG Diploma in Biotechnology,Diploma,Biotechnology,"Bachelor's Degree in Biological Sciences with Chemistry or related fields, with at least 50% marks (47.5% for reserved categories) from Haryana State Universities.","This program focuses on advanced biotechnological techniques and applications, providing a comprehensive understanding of genetic engineering, molecular biology, and bioinformatics.","['Biotechnological research', 'Genetic engineering', 'Molecular biology', 'Bioinformatics analysis']","['Biotechnology researcher', 'Biotech product developer', 'Clinical laboratory scientist']",min_degree_level='UG' min_marks_general=50.0 min_marks_reserved=47.5
34,34,Certificate Course in Laboratory Animal Experimentation,Certificate,Life Sciences,"Senior Secondary Examination (10+2) with at least 50% marks (47.50% for SC/ST/Blind/Visually Differently abled candidates of Haryana only) from Board of School Education Haryana, Bhiwani or any other examination recognized by MDU, Rohtak as equivalent thereto.",This program covers the ethical handling and experimental techniques involving laboratory animals. Students learn about animal welfare regulations and practical skills in conducting experiments.,"['Animal care', 'Experimental design', 'Regulatory compliance']","['Research assistant', 'Laboratory technician', 'Animal caretaker']",min_degree_level='PreUG' min_marks_general=50.0 min_marks_reserved=47.5
35,35,PG Diploma in Industrial Safety and Management,Diploma,Engineering,"B.Sc. (Hons. or Pass) in any discipline of Sciences with at least 50% marks, 47.5% for SC/ST/Blind/Visually and Differently Abled candidates of Haryana only.","This program focuses on safety protocols, risk management, and leadership in industrial settings, providing a comprehensive understanding of occupational health and safety standards.","['Safety regulations', 'Risk assessment', 'Leadership skills']","['Health and Safety Manager', 'Occupational Hygienist', 'Industrial Safety Officer']",min_degree_level='UG' min_marks_general=50.0 min_marks_reserved=47.5
36,36,Certificate Course in Waste Management: Challenges and Opportunities (In collaboration with ESM Cell),Certificate,Science,"Senior Secondary Examination (10+2) with at least 50% marks (47.50% for reserved categories) from Board of School Education Haryana, Bhiwani or any other recognized equivalent examination.","This program explores the challenges and opportunities in waste management, focusing on sustainable practices and environmental conservation techniques.","['Waste reduction', 'Sustainability practices', 'Environmental assessment']","['Waste management specialist', 'Environmental consultant', 'Sustainability officer']",min_degree_level='PreUG' min_marks_general=50.0 min_marks_reserved=47.5
37,37,Certificate Course in Natural Farming : An Integrated Approach (In collaboration with ESM Cell),Certificate,Agriculture,Girls Students with Senior Secondary Examination (10+2) with at least 50% marks (47.50% for reserved categories) from recognized boards.,"This program focuses on sustainable agricultural practices, integrating traditional and modern farming techniques to promote ecological balance and productivity.","['Sustainable agriculture', 'Soil management', 'Agroecology']","['Agricultural consultant', 'Farm manager', 'Sustainability officer']",min_degree_level='PreUG' min_marks_general=50.0 min_marks_reserved=47.5
38,38,PG Diploma in Genetic Counselling,Diploma,Life Sciences,"Master's Degree in Genetics, Biotechnology, Human Biology, Medical Biotech, Human Genetics, Biotechnology, Molecular Biology, Biological Sciences, Microbiology, Clinical Genetics, Biomedical Science, Zoology, MBBS, BDS with at least 50% marks (47.5% for SC/ST/Blind/Visually and Differently abled candidates of Haryana only)","This program focuses on genetic counseling principles, techniques, and ethical considerations, preparing students to provide genetic information and support to individuals and families.","['Genetic counseling', 'Ethical practices', 'Patient communication']","['Genetic counselor', 'Healthcare consultant', 'Research assistant']",min_degree_level='PG' min_marks_general=50.0 min_marks_reserved=47.5
39,39,PG Diploma in Data Analytics,Diploma,ComputerScience,Bachelor's Degree with at least 50% marks (47.50% for SC/ST/Blind/Visually/Differently Abled candidates of Haryana only) in aggregate or any other examination recognized as equivalent thereto by M.D. University Rohtak.,"This program focuses on statistical analysis, data mining, and predictive modeling techniques to prepare students for advanced analytics roles.","['Data analysis', 'Statistical methods', 'Predictive modeling']","['Data analyst', 'Business intelligence specialist', 'Operations research analyst']",min_degree_level='UG' min_marks_general=50.0 min_marks_reserved=47.5
40,40,Post Graduate Diploma in Agricultural and Rural Development,Diploma,Agriculture,Bachelor's Degree with at least 50% marks (47.50% for SC/ST/Blind/Visually/Differently Abled candidates of Haryana only) in aggregate or any other examination recognized as equivalent by this University.,"This program focuses on sustainable agricultural practices and rural development strategies, providing insights into policy-making and community engagement.","['Sustainable agriculture', 'Community development', 'Policy analysis']","['Agricultural extension officer', 'Rural development specialist', 'Policy analyst']",min_degree_level='UG' min_marks_general=50.0 min_marks_reserved=47.5
41,41,PG Diploma in Guidance and Counselling,Diploma,Education,Bachelor's Degree in Psychology with at least 50% marks (47.50% for SC/ST/Blind/Visually and Differently Abled candidates of Haryana only),"This program focuses on psychological assessment, counseling techniques, and intervention strategies to support individuals across various life stages.","['Counseling skills', 'Psychological assessment', 'Support services']","['School counselor', 'Career consultant', 'Mental health advocate']",min_degree_level='UG' min_marks_general=50.0 min_marks_reserved=47.5
42,42,Certificate Course in Research Methods in Social Sciences,Certificate,Social Sciences,"Bachelor's Degree in any discipline with at least 45% marks (42.75% for reserved categories) or equivalent examination recognized by M.D. University, Rohtak","This program focuses on qualitative and quantitative research methods essential for social sciences. Students learn data collection, analysis, and interpretation techniques.","['Research design', 'Data analysis', 'Statistical methods']","['Social researcher', 'Policy analyst', 'Survey coordinator']",min_degree_level='UG' min_marks_general=45.0 min_marks_reserved=42.75
43,43,PG Diploma in Remote Sensing and GIS,Diploma,Engineering,Master's degree in a relevant field with at least the minimum percentage of marks as prescribed by M.D. University.,"This program focuses on advanced techniques in remote sensing and Geographic Information Systems (GIS), providing knowledge in data analysis, spatial modeling, and environmental monitoring.","['Data analysis', 'Spatial modeling', 'GIS software']","['Environmental consultant', 'GIS specialist', 'Remote sensing analyst']",min_degree_level='PG' min_marks_general=None min_marks_reserved=None
44,44,Certificate Course in Terrorism Studies,Certificate,Social Sciences,"Senior Secondary Examination (10+2) with at least 50% marks from Board of School Education Haryana, Bhiwani or equivalent.",This program explores the complexities of terrorism and its socio-political impacts. Students gain an understanding of counter-terrorism strategies and international laws related to security studies.,"['Terrorism analysis', 'Security studies', 'Policy formulation']","['Counter-terrorism analyst', 'Security consultant', 'Intelligence officer']",min_degree_level='PreUG' min_marks_general=50.0 min_marks_reserved=None
45,45,Certificate Course in Indian Culture and History,Certificate,Humanities,"Senior Secondary Examination (10+2) with at least 50% marks (47.50% for SC/ST/Blind/Visually Differently abled candidates of Haryana only) from Board of School Education Haryana, Bhiwani or any other examination recognized by MDU, Rohtak as equivalent thereto.","This program explores the rich tapestry of Indian culture and history, covering ancient civilizations to modern times. Students gain insights into religious, social, and political aspects shaping India’s past and present.","['Cultural awareness', 'Historical analysis', 'Research skills']","['Museum curator', 'Heritage officer', 'Policy analyst']",min_degree_level='PreUG' min_marks_general=50.0 min_marks_reserved=47.5
46,46,Certificate Course in Understanding India,Certificate,Social Sciences,"Senior Secondary Examination (10+2) with at least 50% marks (47.50% for SC/ST/Blind/Visually Differently abled candidates of Haryana only) from Board of School Education Haryana, Bhiwani or any other examination recognized by MDU, Rohtak as equivalent thereto","This program explores the historical, cultural, and socio-political aspects of India. Students gain insights into the diverse social structures and contemporary issues affecting Indian society.","['Cultural awareness', 'Historical analysis', 'Sociopolitical understanding']","['Policy analyst', 'Social researcher', 'Community development worker']",min_degree_level='PreUG' min_marks_general=50.0 min_marks_reserved=47.5
47,47,Certificate Course in Historical Tourism and Management,Certificate,Humanities,"Senior Secondary Examination (10+2) with at least 50% marks (47.50% for reserved categories) from Board of School Education Haryana, Bhiwani or equivalent.","This program focuses on the intersection of history and tourism management, providing an understanding of historical sites and their role in modern tourism development.","['Historical research', 'Cultural heritage preservation', 'Tourism planning']","['Heritage site manager', 'Museum curator', 'Tour guide']",min_degree_level='PreUG' min_marks_general=50.0 min_marks_reserved=47.5
48,48,Certificate Course in International Current Affairs,Certificate,Social Sciences,"Senior Secondary Examination (10+2) with at least 50% marks (47.50% for reserved categories) from Board of School Education Haryana, Bhiwani or equivalent.","This program covers key aspects of international relations and global events, providing insights into geopolitical dynamics and current issues affecting the world stage.","['Global awareness', 'Current affairs analysis', 'Policy understanding']","['International relations officer', 'Journalist', 'Government analyst']",min_degree_level='PreUG' min_marks_general=50.0 min_marks_reserved=47.5
49,49,Certificate Course in Business History,Certificate,Commerce,"Senior Secondary Examination (10+2) with at least 50% marks (47.50% for SC/ST/Blind/Visually Differently abled candidates of Haryana only) from Board of School Education Haryana, Bhiwani or any other examination recognized by MDU, Rohtak as equivalent thereto.","This program explores the historical development and evolution of business practices, focusing on economic, social, and political contexts. Students gain an understanding of key business events and their impact on modern commerce.","['Historical analysis', 'Research skills', 'Critical thinking']","['Archivist', 'Corporate historian', 'Policy analyst']",min_degree_level='PreUG' min_marks_general=50.0 min_marks_reserved=47.5
50,50,Certificate Course in Indian Administration,Certificate,Social Sciences,"Senior Secondary Examination (10+2) with at least 50% marks, 47.50% for SC/ST/Blind/Visually Differently abled candidates of Haryana only.","This program covers the fundamentals of Indian administration and governance, providing insights into public policy, civil services, and administrative practices.","['Public policy analysis', 'Administrative management', 'Civil service awareness']","['Government officer', 'Policy analyst', 'Non-profit administrator']",min_degree_level='PreUG' min_marks_general=50.0 min_marks_reserved=47.5
51,51,Certificate Course in Book Publishing,Certificate,Commerce,"Bachelor's Degree with at least 45% marks (42.75% for SC/ST/Blind/Visually/Differently abled candidates of Haryana only) in aggregate or any other examination recognized by MDU, Rohtak as equivalent thereto.","This program covers the fundamentals of book publishing including editing, design, and distribution processes. Students learn about copyright laws, market analysis, and digital publishing trends.","['Content editing', 'Design principles', 'Market research']","['Editor', 'Publishing coordinator', 'Book designer']",min_degree_level='UG' min_marks_general=45.0 min_marks_reserved=42.75
52,52,PG Diploma in Karmakand,Diploma,Humanities,"Bachelor's Degree in Sanskrit or Shastri with at least 45% marks (42.75% for reserved categories) from MDU, Rohtak.","This program delves into the study of Karmakand, focusing on ancient Indian texts and their philosophical implications. Students explore textual analysis, critical interpretation, and cultural significance.","['Textual analysis', 'Philosophical interpretation', 'Cultural studies']","['Academic researcher', 'Sanskrit teacher', 'Cultural heritage officer']",min_degree_level='UG' min_marks_general=45.0 min_marks_reserved=42.75
53,53,Certificate Course in Introduction to Indian Knowledge System,Certificate,Interdisciplinary Studies,"Senior Secondary Examination (10+2) with at least 50% marks, 47.50% for SC/ST/Blind candidates of Haryana from Board of School Education Haryana or equivalent.","This program introduces students to the rich tapestry of Indian knowledge systems, covering ancient texts, philosophies, and cultural heritage.","['Cultural awareness', 'Historical understanding', 'Critical thinking']","['Museum curator', 'Heritage preservation specialist', 'Policy analyst']",min_degree_level='PreUG' min_marks_general=50.0 min_marks_reserved=47.5
54,54,Certificate Course in Introduction to Indian Logic,Certificate,Humanities,"Senior Secondary Examination (10+2) with at least 50% marks, 47.50% for SC/ST/Blind/Visually/Differently abled candidates of Haryana only, from Board of School Education Haryana, Bhiwani or any other examination recognized by MDU, Rohtak as equivalent thereto","This program introduces students to the foundational concepts and principles of Indian logic, enhancing their understanding of philosophical reasoning and critical thinking.","['Logical reasoning', 'Critical analysis', 'Philosophical inquiry']","['Academic researcher', 'Educational consultant', 'Policy analyst']",min_degree_level='PreUG' min_marks_general=50.0 min_marks_reserved=47.5
55,55,Certificate Course in Philosophy of Dayanand,Certificate,Humanities,"Senior Secondary Examination (10+2) with at least 50% marks, or 47.50% for reserved categories from Haryana only.","This program explores the philosophical ideas and principles of Dayanand, focusing on ethical reasoning and critical thinking skills.","['Critical thinking', 'Ethical analysis', 'Philosophical inquiry']","['Academic researcher', 'Policy analyst', 'Social worker']",min_degree_level='PreUG' min_marks_general=50.0 min_marks_reserved=47.5
56,56,PG Diploma in Intellectual Property Rights,Diploma,Law,"Bachelor's Degree with at least 45% marks (42.75% for reserved categories) or equivalent from MDU, Rohtak.","This program focuses on the legal aspects of intellectual property rights, including patents, trademarks, and copyrights. Students will learn about protection, enforcement, and management of IP assets.","['IP law', 'Patent analysis', 'Trademark registration', 'Copyright protection']","['IP lawyer', 'Intellectual property officer', 'IP consultant']",min_degree_level='UG' min_marks_general=45.0 min_marks_reserved=42.75
57,57,Certificate Course in Biometric Identification,Certificate,Science,"Bachelor's Degree in B.Sc/M.Sc/Forensic Science/Life Science/Bio-medical Sciences with at least 45% marks, 42.75% for SC/ST/Blind/Visually/Differently abled candidates of Haryana only.","This program focuses on biometric technologies and their applications in identification and security. Students learn about various biometric modalities such as fingerprint, iris, and facial recognition systems.","['Biometric analysis', 'Security protocols', 'Data encryption']","['Biometric specialist', 'Security analyst', 'Forensic technician']",min_degree_level='UG' min_marks_general=45.0 min_marks_reserved=42.75
58,58,Certificate Course in Communication Skills,Certificate,Interdisciplinary Studies,"Senior Secondary Examination (10+2) with at least 50% marks, 47.50% for SC/ST/Blind/Visually/Differently abled candidates of Haryana only from Board of School Education Haryana, Bhiwani or any other examination recognized by MDU, Rohtak as equivalent thereto",This program focuses on enhancing communication skills through theoretical and practical modules. Students learn effective verbal and non-verbal communication techniques applicable in various professional settings.,"['Effective speaking', 'Active listening', 'Public speaking', 'Written communication']","['Customer service representative', 'Sales executive', 'Corporate trainer']",min_degree_level='PreUG' min_marks_general=50.0 min_marks_reserved=47.5
59,59,Certificate Course in Professional Skills,Certificate,Interdisciplinary Studies,"Senior Secondary Examination (10+2) with at least 50% marks from Board of School Education Haryana, Bhiwani or any other recognized examination.","This program equips students with essential professional skills including communication, project management, and teamwork. It provides a foundational understanding for various career paths in the corporate sector.","['Communication', 'Project Management', 'Teamwork']","['Business Analyst', 'HR Executive', 'Marketing Coordinator']",min_degree_level='PreUG' min_marks_general=50.0 min_marks_reserved=None
60,60,Certificate Course in Leadership and Management Skills,Certificate,Management,"Senior Secondary Examination (10+2) with at least 50% marks, 47.50% for SC/ST/Blind/Visually/Differently abled candidates of Haryana only.",This program focuses on developing essential leadership and management skills through practical case studies and real-world scenarios.,"['Leadership', 'Team Management', 'Strategic Planning']","['Business Analyst', 'Project Coordinator']",min_degree_level='PreUG' min_marks_general=50.0 min_marks_reserved=47.5
61,61,Certificate Course in Universal Human Values,Certificate,Interdisciplinary Studies,"Senior Secondary Examination (10+2) with at least 50% marks, 47.50% for reserved categories from Haryana only.","This certificate program explores fundamental human values and ethics across various disciplines, fostering personal growth and social responsibility.","['Ethical reasoning', 'Interpersonal skills', 'Critical thinking']","['Community development worker', 'Moral education facilitator']",min_degree_level='PreUG' min_marks_general=50.0 min_marks_reserved=47.5
62,62,Certificate Course in 3D-Printing and Design,Certificate,Engineering,Senior Secondary Examination (10+2) with at least 50% marks (47.50% for reserved categories) from Haryana Board of School Education or equivalent.,"This program covers the fundamentals of 3D-printing and design, including software tools, material science, and practical applications in engineering and manufacturing.","['CAD modeling', 'Material selection', 'Print setup']","['Product designer', 'Prototyping specialist', 'Manufacturing engineer']",min_degree_level='PreUG' min_marks_general=50.0 min_marks_reserved=47.5
63,63,Certificate Course in MATLAB,Certificate,Engineering,"Senior Secondary Examination (10+2) with at least 50% marks (47.50% for SC/ST/Blind/Visually/Differently abled candidates of Haryana only) from Board of School Education Haryana, Bhiwani or any other examination recognized by MDU, Rohtak as equivalent thereto.","This program focuses on mastering MATLAB software and its applications in engineering problems. Students learn programming techniques, numerical methods, and data analysis for technical problem-solving.","['Programming', 'Data analysis', 'Numerical methods']","['Software developer', 'Technical analyst', 'Research assistant']",min_degree_level='PreUG' min_marks_general=50.0 min_marks_reserved=47.5
64,64,Certificate Course in AI and ML in Pharmaceutical Sciences,Certificate,Pharmacy,"Senior Secondary Examination (10+2) with at least 50% marks (47.50% for SC/ST/Blind candidates of Haryana only) from Board of School Education Haryana, Bhiwani or any other examination recognized by MDU, Rohtak as equivalent thereto.","This program focuses on the application of artificial intelligence and machine learning in pharmaceutical sciences, covering drug discovery, clinical trials, and personalized medicine.","['Data analysis', 'Algorithm development', 'Pharmaceutical informatics']","['AI pharmacist', 'Drug safety analyst', 'Biostatistician']",min_degree_level='PreUG' min_marks_general=50.0 min_marks_reserved=47.5
65,65,Certificate Course in Personal and Social Health Management,Certificate,Pharmacy,"Senior Secondary Examination (10+2) with at least 50% marks (47.50% for reserved categories) from Board of School Education Haryana, Bhiwani or any other recognized equivalent examination.","This program focuses on managing personal and social health issues, integrating public health principles with community well-being strategies.","['Health promotion', 'Community engagement', 'Public policy analysis']","['Health educator', 'Community health worker', 'Social welfare officer']",min_degree_level='PreUG' min_marks_general=50.0 min_marks_reserved=47.5
66,66,PG Diploma in Drug Regulatory Affairs,Diploma,Pharmacy,"Bachelor's Degree in B. Pharmacy with at least 45% marks (42.75% for reserved categories) in aggregate from an examination recognized by MDU, Rohtak.","This program focuses on regulatory compliance and legal aspects of drug development and marketing. Students learn about global and national regulations, ethical considerations, and quality assurance processes.","['Regulatory compliance', 'Quality assurance', 'Ethical standards']","['Drug regulator', 'Compliance officer', 'Pharmaceutical consultant']",min_degree_level='UG' min_marks_general=45.0 min_marks_reserved=42.75
67,67,Certificate Course in Natural Products for Human Health,Certificate,Pharmacy,Bachelor Degree in any discipline with at least 45% marks (42.75% for SC/ST/Blind/Visually and differently able candidates of Haryana only),"This program explores the therapeutic potential of natural products, focusing on their application in human health through interdisciplinary studies.","['Natural product analysis', 'Pharmacological evaluation', 'Bioprospecting techniques']","['Research associate', 'Product development specialist', 'Clinical research coordinator']",min_degree_level='UG' min_marks_general=45.0 min_marks_reserved=42.75
68,68,Certificate Course in Hospital Food Services and Dietetics,Certificate,Commerce,"Senior Secondary Examination (10+2) with at least 50% marks (47.50% for reserved categories) from Board of School Education Haryana, Bhiwani or equivalent.","This program focuses on the management and nutritional aspects of food services in hospital settings, covering dietetic principles and patient care.","['Nutritional assessment', 'Menu planning', 'Patient care']","['Dietitian', 'Hospital nutritionist', 'Food service manager']",min_degree_level='PreUG' min_marks_general=50.0 min_marks_reserved=47.5
69,69,Certificate Course on Food Truck Operations,Certificate,Commerce,Senior Secondary Examination (10+2) with at least 50% marks (47.50% for SC/ST/Blind/Visually Differently abled candidates of Haryana only),"This program covers the fundamentals of managing food truck operations, including business planning, marketing strategies, and operational logistics.","['Business management', 'Marketing strategies', 'Operational planning']","['Food truck owner', 'Restaurant manager', 'Event catering coordinator']",min_degree_level='PreUG' min_marks_general=50.0 min_marks_reserved=47.5
70,70,PG Diploma in Cyber Law,PG,Law,"Bachelor/Master Degree with at least 45% marks (42.75% for SC/ST/Blind/Visually/Differently abled candidates of Haryana only) in aggregate or any other examination recognized by MDU, Rohtak as equivalent thereto","This program focuses on legal aspects of cyber security and digital law, providing insights into regulatory frameworks and ethical considerations.","['Legal research', 'Cybersecurity laws', 'Regulatory compliance']","['Legal advisor', 'Corporate lawyer', 'Cybersecurity consultant']",min_degree_level='UG' min_marks_general=45.0 min_marks_reserved=42.75
71,71,PG Diploma in Labour Law & Social Welfare,Diploma,Law,"Bachelor/Master Degree with at least 45% marks (42.75% for SC/ST/Blind/Visually/Differently abled candidates of Haryana only) in aggregate or any other examination recognized by MDU, Rohtak as equivalent thereto.","This program focuses on labor laws and social welfare policies, providing an understanding of legal frameworks and their application in social contexts.","['Legal research', 'Policy analysis', 'Social advocacy']","['Labour lawyer', 'Human resources manager', 'Social worker']",min_degree_level='UG' min_marks_general=45.0 min_marks_reserved=42.75
72,72,B.A. B.Ed.,UG,Education,Grade 12 students with at least 50% marks (47.5% for SC/ST/Blind/Visually and Differently Abled candidates of Haryana only) in aggregate or any other equivalent examination.,"This program combines a Bachelor of Arts degree with a Bachelor of Education, providing foundational knowledge in liberal arts alongside pedagogical skills for teaching.","['Critical thinking', 'Teaching methods', 'Curriculum development']","['School teacher', 'Educational consultant', 'Curriculum developer']",min_degree_level='PreUG' min_marks_general=50.0 min_marks_reserved=47.5
73,73,B.Com. B.Ed.,UG,Commerce,Grade 12 students with at least 50% marks (47.5% for SC/ST/Blind/Visually and Differently Abled candidates of Haryana only) in aggregate or any other equivalent examination.,"This program combines business management studies with teacher education, providing a foundation in commerce while preparing students for teaching roles.","['Business principles', 'Teaching methods', 'Financial analysis']","['Secondary school teacher', 'Educational administrator', 'Corporate trainer']",min_degree_level='PreUG' min_marks_general=50.0 min_marks_reserved=47.5
74,74,Bachelor of Arts (B.A.),UG,Humanities,A person who has passed one of the following examinations with at least 33% aggregate marks for admission to B.A. Semester I. (minimum pass marks in case of SC/ST candidates of Haryana only),"The Bachelor of Arts program covers a broad range of humanities subjects, including literature, history, philosophy, and languages, providing students with a foundational understanding of human culture and society.","['Critical thinking', 'Research skills', 'Communication', 'Cultural awareness']","['Teacher', 'Content writer', 'Journalist']",min_degree_level='PreUG' min_marks_general=33.0 min_marks_reserved=None
75,75,Bachelor of Commerce (B.Com.),UG,Commerce,A person who has passed the Senior Secondary Certificate Examination or an equivalent examination with at least 40% marks.,"This program focuses on core business and economic principles, accounting, finance, marketing, and management. Students gain a broad understanding of commercial operations and financial systems.","['Financial analysis', 'Marketing strategies', 'Accounting practices', 'Economic theories']","['Financial analyst', 'Market research analyst', 'Accountant', 'Management consultant']",min_degree_level='PreUG' min_marks_general=40.0 min_marks_reserved=None
76,76,Master of Arts Hindi,PG,Humanities,Bachelor's Degree in any discipline with at least 45% marks (42.75% for SC/ST/Blind/Visually and Differently Abled candidates of Haryana only),"This program delves into the rich literary, linguistic, and cultural heritage of Hindi. Students explore classical and modern texts, grammar, and literature.","['Language proficiency', 'Literary analysis', 'Cultural studies']","['Hindi teacher', 'Content writer', 'Research scholar']",min_degree_level='UG' min_marks_general=45.0 min_marks_reserved=42.75
77,77,Master of Arts Sanskrit,PG,Humanities,Bachelor's degree with Sanskrit (elective/compulsory) for at least 3 years or Shastri Examination (New Scheme) of three years duration with at least 45% marks (42.75% for SC/ST/Blind/Visually and Differently Abled candidates of Haryana only),"This program delves into the rich history, literature, and linguistic nuances of Sanskrit, providing a comprehensive understanding of classical Indian culture and language.","['Sanskrit linguistics', 'Classical literature analysis', 'Cultural heritage studies']","['Academic researcher', 'Language instructor', 'Cultural conservator']",min_degree_level='UG' min_marks_general=None min_marks_reserved=45.0
78,78,Master of Arts English,PG,Humanities,Bachelor's Degree in any discipline with at least 45% marks (42.75% for SC/ST/Blind/Visually and Differently Abled candidates of Haryana only),"This program delves into advanced literary analysis, critical theory, and creative writing, providing a comprehensive understanding of English literature and language.","['Critical thinking', 'Literary analysis', 'Creative writing']","['Academic researcher', 'English teacher', 'Content writer']",min_degree_level='UG' min_marks_general=45.0 min_marks_reserved=42.75
79,79,Master of Arts Political Science,PG,Social Sciences,Bachelor's Degree in any discipline with at least 45% marks (42.75% for SC/ST/Blind/Visually and Differently Abled candidates of Haryana only),"This program delves into political theory, international relations, and public policy, providing a comprehensive understanding of governance and politics.","['Critical thinking', 'Policy analysis', 'Research skills']","['Political analyst', 'Government officer', 'Non-profit manager']",min_degree_level='UG' min_marks_general=45.0 min_marks_reserved=42.75
80,80,Master of Arts Public Admisnistration,PG,Management,Bachelor's Degree in any discipline with at least 45% marks (42.75% for SC/ST/Blind/Visually and Differently Abled candidates of Haryana only),"This program focuses on public administration principles, policy analysis, governance, and management techniques.","['Policy formulation', 'Leadership skills', 'Administrative practices']","['Public sector manager', 'Government officer', 'Non-profit administrator']",min_degree_level='UG' min_marks_general=45.0 min_marks_reserved=42.75
81,81,Master of Arts Economics,PG,Commerce,Bachelor's Degree in any discipline with at least 45% marks (42.75% for SC/ST/Blind/Visually and Differently Abled candidates of Haryana only),"This program delves into advanced economic theories, econometrics, and policy analysis, providing a comprehensive understanding of macroeconomic and microeconomic principles.","['Econometric modeling', 'Policy evaluation', 'Quantitative analysis']","['Economic analyst', 'Financial consultant', 'Data scientist']",min_degree_level='UG' min_marks_general=45.0 min_marks_reserved=42.75
82,82,Master of Arts History,PG,Humanities,Bachelor's Degree in any discipline with at least 45% marks (42.75% for SC/ST/Blind/Visually and Differently Abled candidates of Haryana only),"This program delves into historical analysis, methodologies, and critical thinking, providing a comprehensive understanding of past events and their impacts.","['Historical research', 'Critical analysis', 'Academic writing']","['Archivist', 'Museum curator', 'History teacher']",min_degree_level='UG' min_marks_general=45.0 min_marks_reserved=42.75
83,83,Master of Arts Journalism & Mass Communication,PG,Commerce,"Bachelor's Degree in any discipline with at least 45% marks (42.75% for reserved categories) or equivalent examination recognized by M.D. University, Rohtak.","This program focuses on the theoretical and practical aspects of journalism and mass communication, covering areas such as media ethics, content creation, and digital communications.","['Content writing', 'Media analysis', 'Digital marketing']","['Journalist', 'Public relations officer', 'Social media manager']",min_degree_level='UG' min_marks_general=45.0 min_marks_reserved=42.75
84,84,Master of Commerce (M.Com.),PG,Commerce,"B.Com./BBA/BTM/BIM or relevant BA/BS with Economics/Mathematics and 45% marks, SC/ST/Blind/Visually and Differently Abled candidates of Haryana require 42.75% marks","This program focuses on advanced business management, financial analysis, and strategic marketing. Students explore complex economic theories and practical business applications.","['Financial analysis', 'Market research', 'Business strategy']","['Financial analyst', 'Marketing executive', 'Corporate accountant']",min_degree_level='UG' min_marks_general=45.0 min_marks_reserved=42.75
85,85,Master of Science (Mathematics),PG,Science,"B.A./B.Sc. (Hons.) in Mathematics or B.A. or B.Sc. with Mathematics as one of the subjects, at least 50% marks (47.5% for SC/ST/Blind/Visually and Differently Abled candidates of Haryana only)","This program delves into advanced mathematical theories and applications, preparing students for research or professional careers in academia and industry.","['Theoretical analysis', 'Problem-solving techniques', 'Statistical methods']","['Academic researcher', 'Data analyst', 'Quantitative analyst']",min_degree_level='UG' min_marks_general=50.0 min_marks_reserved=47.5
86,86,Master of Library and Information Science,PG,Education,Bachelor's degree in any discipline with at least 45% marks (42.75% for reserved categories) from a UGC-recognized university.,"This program focuses on the management, organization, and utilization of information resources in libraries and other information centers. Students learn about information retrieval systems, digital library technologies, and user experience design.","['Information management', 'Digital curation', 'User experience']","['Librarian', 'Information specialist', 'Knowledge manager']",min_degree_level='UG' min_marks_general=45.0 min_marks_reserved=42.75
87,87,Master of Commerce (M.Com.),PG,Commerce,B.Com./BBA/BTM/BIM or relevant BA/BS with Economics/Mathematics and 45% marks (42.75% for reserved categories in Haryana).,"This program focuses on advanced business management, financial analysis, and strategic marketing. Students explore complex economic theories and practical business applications.","['Financial modeling', 'Market research', 'Corporate finance']","['Financial analyst', 'Business consultant', 'Investment banker']",min_degree_level='UG' min_marks_general=45.0 min_marks_reserved=42.75
88,88,Master of Science (Mathematics),PG,Science,"B.A./B.Sc. (Hons.) in Mathematics or B.A./B.Sc. with Mathematics as one of the subjects, at least 50% marks (47.5% for SC/ST/Blind/Visually and Differently Abled candidates of Haryana only)","This program delves into advanced mathematical theories and applications, preparing students for research or professional roles in academia and industry.","['Theoretical analysis', 'Problem-solving techniques', 'Statistical methods']","['Mathematician', 'Data analyst', 'Academic researcher']",min_degree_level='UG' min_marks_general=50.0 min_marks_reserved=47.5
89,89,Bachelor of Arts,UG,Humanities,A person who has passed one of the following examinations with at least 33% aggregate marks for admission to B.A. Semester I (minimum pass marks in case of SC/ST candidates of Haryana only).,"This program covers a broad range of humanities subjects, providing students with foundational knowledge in literature, history, philosophy, and languages.","['Critical thinking', 'Research skills', 'Communication', 'Cultural awareness']","['Content writer', 'Journalist', 'Social worker']",min_degree_level='PreUG' min_marks_general=33.0 min_marks_reserved=33.0
90,90,Master of Arts Hindi,PG,Humanities,Bachelor's Degree in any discipline with at least 45% marks (42.75% for SC/ST/Blind/Visually and Differently Abled candidates of Haryana only),"This program delves into the rich literary, linguistic, and cultural heritage of Hindi language and literature, offering a comprehensive understanding of its historical evolution and contemporary applications.","['Language proficiency', 'Literary analysis', 'Cultural studies']","['Hindi teacher', 'Content writer', 'Research scholar']",min_degree_level='UG' min_marks_general=45.0 min_marks_reserved=42.75
91,91,Master of Arts Political Science,PG,Social Sciences,Bachelor's Degree in any discipline with at least 45% marks (42.75% for SC/ST/Blind/Visually and Differently Abled candidates of Haryana only),"This program delves into political theory, international relations, and public policy, providing a comprehensive understanding of governance and politics.","['Critical thinking', 'Policy analysis', 'Research skills']","['Political analyst', 'Public sector officer', 'Non-profit manager']",min_degree_level='UG' min_marks_general=45.0 min_marks_reserved=42.75
92,92,Master of Arts Public Admisnistration,PG,Management,Bachelor's Degree in any discipline with at least 45% marks (42.75% for SC/ST/Blind/Visually and Differently Abled candidates of Haryana only),"This program focuses on public administration principles, policy analysis, governance, and management techniques.","['Policy formulation', 'Leadership skills', 'Public sector management']","['Government officer', 'Non-profit manager', 'Consultant']",min_degree_level='UG' min_marks_general=45.0 min_marks_reserved=42.75
93,93,Master of Arts Economics,PG,Commerce,"Bachelor's Degree in any discipline with at least 45% marks (42.75% for reserved categories) or equivalent examination recognized by M.D. University, Rohtak.","This program focuses on advanced economic theories and quantitative analysis, preparing students for research and professional roles in economics.","['Economic modeling', 'Statistical analysis', 'Policy evaluation']","['Economist', 'Financial analyst', 'Market researcher']",min_degree_level='UG' min_marks_general=45.0 min_marks_reserved=42.75
94,94,Master of Arts History,PG,Humanities,Bachelor's Degree in any discipline with at least 45% marks (42.75% for SC/ST/Blind/Visually and Differently Abled candidates of Haryana only),"This program delves into historical analysis, cultural studies, and historiography, providing a comprehensive understanding of past events and their impacts.","['Historical research', 'Critical thinking', 'Cultural analysis']","['Archivist', 'Historian', 'Policy analyst']",min_degree_level='UG' min_marks_general=45.0 min_marks_reserved=42.75
95,95,Bachelor of Computer Application (BCA),UG,ComputerScience,10+2 with at least 45% marks (42.75% for reserved categories) in aggregate from recognized boards.,"This program covers fundamental concepts in computer applications, software development, and information technology.","['Programming', 'Database management', 'Web development']","['Software developer', 'IT support specialist', 'Technical analyst']",min_degree_level='PreUG' min_marks_general=45.0 min_marks_reserved=42.75
96,96,Bachelor of Arts (English),UG,Humanities,"Senior Secondary Examination with at least 45% marks (42.75% for reserved categories) from Board of School Education Haryana, Bhiwani or equivalent.","This program focuses on the study of English literature, language, and culture, providing a broad understanding of literary traditions and critical analysis techniques.","['Critical thinking', 'Writing skills', 'Research methods']","['Editor', 'Content writer', 'English teacher']",min_degree_level='PreUG' min_marks_general=45.0 min_marks_reserved=42.75
97,97,Bachelor of Fine Arts (Painting),UG,FineArts,"Senior Secondary Examination with at least 45% marks (42.75% for SC/ST/Blind/Visually and Differently Abled candidates of Haryana only) from Board of School Education Haryana, Bhiwani or equivalent examination recognized by M.D. University Rohtak","This program focuses on developing skills in painting techniques, art history, and creative expression. Students explore various mediums and styles to enhance their artistic abilities.","['Artistic creation', 'Painting techniques', 'Creative thinking']","['Artist', 'Gallery curator', 'Art teacher']",min_degree_level='PreUG' min_marks_general=45.0 min_marks_reserved=42.75
98,98,Bachelor of Arts (Sanskrit),UG,Humanities,Senior Secondary Examination with at least 45% marks (42.75% for reserved categories) from the Board of School Education Haryana or equivalent.,"This program focuses on the study of Sanskrit language, literature, and culture, providing a deep understanding of ancient texts and linguistic structures.","['Language proficiency', 'Literary analysis', 'Cultural studies']","['Translator', 'Researcher', 'Teacher']",min_degree_level='PreUG' min_marks_general=45.0 min_marks_reserved=42.75
99,99,L.L.B. (Hons.) 5 year Integrated,PG,Law,Senior Secondary Examination with at least 45% marks (42.75% for reserved categories) from Bhiwani Board or equivalent.,"This program provides an integrated approach to legal education, covering fundamental and advanced legal principles, jurisprudence, and practical skills necessary for a career in law.","['Legal research', 'Case analysis', 'Drafting contracts']","['Lawyer', 'Legal consultant', 'Judicial officer']",min_degree_level='PreUG' min_marks_general=45.0 min_marks_reserved=42.75
100,100,Bachelor of Commerce,UG,Commerce,Senior Secondary Examination (10+2) with at least 45% marks (42.75% for reserved categories) in aggregate from recognized boards.,"This program covers core business subjects such as accounting, finance, marketing, and economics, providing a comprehensive understanding of commercial operations and management.","['Financial analysis', 'Market research', 'Business communication']","['Accountant', 'Marketing executive', 'Financial analyst']",min_degree_level='PreUG' min_marks_general=45.0 min_marks_reserved=42.75
101,101,Master of Hotel Management and Catering Technology 5-year Integrated,PG,Management,Senior secondary Examination (10+2) with at least 45% marks (42.75% for reserved categories) in aggregate from recognized boards.,"This program focuses on hospitality management and technology, providing a comprehensive understanding of hotel operations, customer service, and technological advancements in the industry.","['Hotel management', 'Catering techniques', 'Customer service', 'Project management']","['Hospitality manager', 'Event coordinator', 'Food and beverage specialist']",min_degree_level='PreUG' min_marks_general=45.0 min_marks_reserved=42.75
102,102,Bachelor of Hotel Management & Catering Technology 4 Year (BHMCT),UG,Management,"Senior Secondary Examination (10+2) with at least 45% marks (42.75% for SC/ST/Blind/Visually and Differently Abled candidates of Haryana only) from Board of School Education Haryana, Bhiwani or any other examination recognized by University, Rohtak as equivalent thereto.","This program focuses on hospitality management, culinary arts, and technology in the food service industry. Students learn about hotel operations, customer service, and technological advancements relevant to the sector.","['Customer service', 'Culinary techniques', 'Event planning']","['Hotel manager', 'Restaurant owner', 'Event coordinator']",min_degree_level='PreUG' min_marks_general=45.0 min_marks_reserved=42.75
103,103,Bachelor of Tourism & Travel Management,UG,Management,"Senior Secondary Examination (10+2) with at least 45% marks (42.75% for SC/ST/Blind/Visually and Differently Abled candidates of Haryana only) from Board of School Education Haryana, Bhiwani or any other examination recognized by M.D. University, Rohtak as equivalent thereto.","This program focuses on the management aspects of tourism and travel, covering areas such as hospitality services, marketing strategies, and destination development.","['Customer service', 'Event planning', 'Marketing analysis']","['Tourism manager', 'Travel consultant', 'Hospitality executive']",min_degree_level='PreUG' min_marks_general=45.0 min_marks_reserved=42.75
104,104,Bachelor of Business Administration (BBA),UG,Commerce,Senior Secondary Examination with at least 50% marks in aggregate (47.5% for reserved categories) from recognized boards.,"This program covers core business areas including finance, marketing, management, and economics to provide a comprehensive understanding of business operations and strategies.","['Business strategy', 'Financial analysis', 'Marketing principles', 'Project management']","['Business analyst', 'Sales manager', 'Finance officer', 'Human resources specialist']",min_degree_level='PreUG' min_marks_general=50.0 min_marks_reserved=47.5
105,105,Bachelor of Science (Maths),UG,Science,Senior Secondary Examination with Maths and at least 50% marks (47.50% for reserved categories) from BSE Haryana or equivalent.,"This program covers fundamental mathematical concepts, theories, and applications, preparing students for advanced studies or careers in various scientific fields.","['Problem solving', 'Analytical thinking', 'Quantitative analysis']","['Mathematician', 'Actuary', 'Data analyst']",min_degree_level='PreUG' min_marks_general=50.0 min_marks_reserved=47.5
106,106,Bachelor of Science (Statistics),UG,Science,Senior Secondary Examination with Mathematics and at least 50% marks (47.50% for reserved categories) from BSE Haryana or equivalent,"This program focuses on statistical theory, data analysis, probability, and applications in various fields such as economics, biology, and social sciences.","['Statistical analysis', 'Probability theory', 'Data interpretation']","['Statistician', 'Data analyst', 'Research scientist']",min_degree_level='PreUG' min_marks_general=50.0 min_marks_reserved=47.5
107,107,Bachelor of Arts (History),UG,Humanities,"10+2 with at least 50% marks (47.5% for SC/ST/Blind/Visually and Differently Abled candidates of Haryana only) from Board of School Education Haryana, Bhiwani or equivalent.","This program explores historical events, societies, and cultures, providing a deep understanding of past civilizations and their impact on the present.","['Historical analysis', 'Critical thinking', 'Research skills']","['Archivist', 'Museum curator', 'Secondary school teacher']",min_degree_level='PreUG' min_marks_general=50.0 min_marks_reserved=47.5
108,108,Bachelor of Arts (Economics),UG,Commerce,Senior Secondary Examination with at least 45% marks (42.75% for reserved categories) in aggregate from recognized boards.,"This program covers fundamental economic theories, statistical analysis, and policy studies to provide a comprehensive understanding of the economy and its functions.","['Economic analysis', 'Statistical methods', 'Policy evaluation']","['Economist', 'Financial analyst', 'Market researcher']",min_degree_level='PreUG' min_marks_general=45.0 min_marks_reserved=42.75
109,109,Bachelor of Arts (Public Administration),UG,Social Sciences,"Senior Secondary Examination with at least 45% marks (42.75% for SC/ST/Blind/Visually and Differently Abled candidates of Haryana only) from Board of School Education Haryana, Bhiwani or equivalent examination recognized by M.D. University Rohtak","This program focuses on public policy, administration, governance, and social welfare. Students learn about the functioning of government institutions and non-profit organizations.","['Policy analysis', 'Administrative skills', 'Public management']","['Government officer', 'Nonprofit manager', 'Community organizer']",min_degree_level='PreUG' min_marks_general=45.0 min_marks_reserved=42.75
110,110,Bachelor in Public Health,UG,Health Sciences,"NEET qualified with Physics, Chemistry, Biology/Biotechnology, and English; minimum aggregate of 50% in Physics, Chemistry, and Biology/Biotechnology; age 17 by admission or before December 31st of the joining year.","This program focuses on public health principles, epidemiology, health policy, and community health interventions. Students learn to address health issues at a population level through prevention and promotion strategies.","['Health assessment', 'Epidemiological methods', 'Public policy analysis']","['Public health officer', 'Community health worker', 'Health educator']",min_degree_level=None min_marks_general=None min_marks_reserved=None
111,111,Bachelor of Science (Genetics),UG,Science,"10+2 with Biology, Physics and Chemistry, at least 60% marks (57% for reserved categories) from Board of School Education Haryana or equivalent.","This program focuses on the study of genetic principles and their applications in biology. Students explore molecular genetics, genomics, and biotechnology to understand heredity and variation among organisms.","['Genetic analysis', 'Molecular biology', 'Biostatistics']","['Research scientist', 'Genetic counselor', 'Biotechnologist']",min_degree_level='PreUG' min_marks_general=60.0 min_marks_reserved=57.0
112,112,Bachelor of Business Administration,UG,Management,Senior Secondary Examination (10+2) with at least 50% marks (47.50% for SC/ST/Blind/Visually and Differently Abled candidates of Haryana only),"This program covers core business areas including finance, marketing, human resources, and operations management, providing a comprehensive understanding of organizational functions.","['Business strategy', 'Financial analysis', 'Marketing principles', 'Project management']","['Management consultant', 'Sales executive', 'Human resources manager', 'Finance officer']",min_degree_level='PreUG' min_marks_general=50.0 min_marks_reserved=47.5
113,113,L.L.B. (Hons.) 5 year Integrated,PG,Law,"Senior Secondary Examination with at least 45% marks (42.75% for SC/ST/Blind/Visually and Differently Abled candidates of Haryana only) from Board of School Education Haryana, Bhiwani or any other examination recognized by M.D. University Rohtak as equivalent thereto","This program provides an integrated law degree focusing on legal theory, jurisprudence, and practical skills essential for a career in law.","['Legal research', 'Case analysis', 'Court procedures']","['Lawyer', 'Legal advisor', 'Judicial officer']",min_degree_level='PreUG' min_marks_general=45.0 min_marks_reserved=42.75
